"(0, 0)",0.0046
"(0, 1)",0.0044
"(0, 2)",0.0041
"(0, 3)",0.0041
"(0, 4)",0.0044
"(0, 5)",0.0045
"(0, 6)",0.0047
"(0, 7)",0.0047
"(0, 8)",0.0048
"(0, 9)",0.005
"(0, 10)",0.0053
"(0, 11)",0.006
"(0, 12)",0.0069
"(0, 13)",0.0077
"(0, 14)",0.0082
"(0, 15)",0.0085
"(0, 16)",0.0085
"(0, 17)",0.0082
"(0, 18)",0.0077
"(0, 19)",0.0069
"(0, 20)",0.006
"(0, 21)",0.0053
"(0, 22)",0.005
"(0, 23)",0.0048
"(0, 24)",0.0047
"(0, 25)",0.0047
"(0, 26)",0.0045
"(0, 27)",0.0044
"(0, 28)",0.0041
"(0, 29)",0.0041
"(0, 30)",0.0044
"(0, 31)",0.0046
"(1, 0)",0.0046
"(1, 1)",0.0044
"(1, 2)",0.0042
"(1, 3)",0.0042
"(1, 4)",0.0045
"(1, 5)",0.0047
"(1, 6)",0.0049
"(1, 7)",0.005
"(1, 8)",0.005
"(1, 9)",0.0052
"(1, 10)",0.0057
"(1, 11)",0.0062
"(1, 12)",0.0069
"(1, 13)",0.0075
"(1, 14)",0.008
"(1, 15)",0.0083
"(1, 16)",0.0083
"(1, 17)",0.008
"(1, 18)",0.0075
"(1, 19)",0.0069
"(1, 20)",0.0062
"(1, 21)",0.0057
"(1, 22)",0.0052
"(1, 23)",0.005
"(1, 24)",0.005
"(1, 25)",0.0049
"(1, 26)",0.0047
"(1, 27)",0.0045
"(1, 28)",0.0042
"(1, 29)",0.0042
"(1, 30)",0.0044
"(1, 31)",0.0046
"(2, 0)",0.0045
"(2, 1)",0.0045
"(2, 2)",0.0044
"(2, 3)",0.0045
"(2, 4)",0.0048
"(2, 5)",0.0051
"(2, 6)",0.0053
"(2, 7)",0.0054
"(2, 8)",0.0055
"(2, 9)",0.0058
"(2, 10)",0.0063
"(2, 11)",0.0067
"(2, 12)",0.0069
"(2, 13)",0.0072
"(2, 14)",0.0075
"(2, 15)",0.0077
"(2, 16)",0.0077
"(2, 17)",0.0075
"(2, 18)",0.0072
"(2, 19)",0.0069
"(2, 20)",0.0067
"(2, 21)",0.0063
"(2, 22)",0.0058
"(2, 23)",0.0055
"(2, 24)",0.0054
"(2, 25)",0.0053
"(2, 26)",0.0051
"(2, 27)",0.0048
"(2, 28)",0.0045
"(2, 29)",0.0044
"(2, 30)",0.0045
"(2, 31)",0.0045
"(3, 0)",0.0046
"(3, 1)",0.0046
"(3, 2)",0.0047
"(3, 3)",0.0049
"(3, 4)",0.0052
"(3, 5)",0.0054
"(3, 6)",0.0056
"(3, 7)",0.0057
"(3, 8)",0.0059
"(3, 9)",0.0062
"(3, 10)",0.0067
"(3, 11)",0.007
"(3, 12)",0.0071
"(3, 13)",0.0072
"(3, 14)",0.0075
"(3, 15)",0.0076
"(3, 16)",0.0076
"(3, 17)",0.0075
"(3, 18)",0.0072
"(3, 19)",0.0071
"(3, 20)",0.007
"(3, 21)",0.0067
"(3, 22)",0.0062
"(3, 23)",0.0059
"(3, 24)",0.0057
"(3, 25)",0.0056
"(3, 26)",0.0054
"(3, 27)",0.0052
"(3, 28)",0.0049
"(3, 29)",0.0047
"(3, 30)",0.0046
"(3, 31)",0.0046
"(4, 0)",0.0048
"(4, 1)",0.0049
"(4, 2)",0.0052
"(4, 3)",0.0054
"(4, 4)",0.0056
"(4, 5)",0.0057
"(4, 6)",0.0057
"(4, 7)",0.0059
"(4, 8)",0.0062
"(4, 9)",0.0065
"(4, 10)",0.0068
"(4, 11)",0.0071
"(4, 12)",0.0074
"(4, 13)",0.0076
"(4, 14)",0.0078
"(4, 15)",0.0079
"(4, 16)",0.0079
"(4, 17)",0.0078
"(4, 18)",0.0076
"(4, 19)",0.0074
"(4, 20)",0.0071
"(4, 21)",0.0068
"(4, 22)",0.0065
"(4, 23)",0.0062
"(4, 24)",0.0059
"(4, 25)",0.0057
"(4, 26)",0.0057
"(4, 27)",0.0056
"(4, 28)",0.0054
"(4, 29)",0.0052
"(4, 30)",0.0049
"(4, 31)",0.0048
"(5, 0)",0.0051
"(5, 1)",0.0052
"(5, 2)",0.0056
"(5, 3)",0.0058
"(5, 4)",0.006
"(5, 5)",0.006
"(5, 6)",0.006
"(5, 7)",0.0062
"(5, 8)",0.0066
"(5, 9)",0.0069
"(5, 10)",0.0071
"(5, 11)",0.0074
"(5, 12)",0.0077
"(5, 13)",0.0079
"(5, 14)",0.0081
"(5, 15)",0.0082
"(5, 16)",0.0082
"(5, 17)",0.0081
"(5, 18)",0.0079
"(5, 19)",0.0077
"(5, 20)",0.0074
"(5, 21)",0.0071
"(5, 22)",0.0069
"(5, 23)",0.0066
"(5, 24)",0.0062
"(5, 25)",0.006
"(5, 26)",0.006
"(5, 27)",0.006
"(5, 28)",0.0058
"(5, 29)",0.0056
"(5, 30)",0.0052
"(5, 31)",0.0051
"(6, 0)",0.0054
"(6, 1)",0.0055
"(6, 2)",0.0058
"(6, 3)",0.0061
"(6, 4)",0.0062
"(6, 5)",0.0063
"(6, 6)",0.0064
"(6, 7)",0.0067
"(6, 8)",0.0071
"(6, 9)",0.0074
"(6, 10)",0.0076
"(6, 11)",0.0078
"(6, 12)",0.008
"(6, 13)",0.0082
"(6, 14)",0.0084
"(6, 15)",0.0085
"(6, 16)",0.0085
"(6, 17)",0.0084
"(6, 18)",0.0082
"(6, 19)",0.008
"(6, 20)",0.0078
"(6, 21)",0.0076
"(6, 22)",0.0074
"(6, 23)",0.0071
"(6, 24)",0.0067
"(6, 25)",0.0064
"(6, 26)",0.0063
"(6, 27)",0.0062
"(6, 28)",0.0061
"(6, 29)",0.0058
"(6, 30)",0.0055
"(6, 31)",0.0054
"(7, 0)",0.0057
"(7, 1)",0.0058
"(7, 2)",0.006
"(7, 3)",0.0062
"(7, 4)",0.0064
"(7, 5)",0.0066
"(7, 6)",0.0067
"(7, 7)",0.007
"(7, 8)",0.0074
"(7, 9)",0.0077
"(7, 10)",0.0079
"(7, 11)",0.008
"(7, 12)",0.0082
"(7, 13)",0.0083
"(7, 14)",0.0084
"(7, 15)",0.0085
"(7, 16)",0.0085
"(7, 17)",0.0084
"(7, 18)",0.0083
"(7, 19)",0.0082
"(7, 20)",0.008
"(7, 21)",0.0079
"(7, 22)",0.0077
"(7, 23)",0.0074
"(7, 24)",0.007
"(7, 25)",0.0067
"(7, 26)",0.0066
"(7, 27)",0.0064
"(7, 28)",0.0062
"(7, 29)",0.006
"(7, 30)",0.0058
"(7, 31)",0.0057
"(8, 0)",0.0059
"(8, 1)",0.006
"(8, 2)",0.0061
"(8, 3)",0.0062
"(8, 4)",0.0065
"(8, 5)",0.0067
"(8, 6)",0.0068
"(8, 7)",0.007
"(8, 8)",0.0074
"(8, 9)",0.0077
"(8, 10)",0.0079
"(8, 11)",0.0081
"(8, 12)",0.0081
"(8, 13)",0.0081
"(8, 14)",0.0082
"(8, 15)",0.0083
"(8, 16)",0.0083
"(8, 17)",0.0082
"(8, 18)",0.0081
"(8, 19)",0.0081
"(8, 20)",0.0081
"(8, 21)",0.0079
"(8, 22)",0.0077
"(8, 23)",0.0074
"(8, 24)",0.007
"(8, 25)",0.0068
"(8, 26)",0.0067
"(8, 27)",0.0065
"(8, 28)",0.0062
"(8, 29)",0.0061
"(8, 30)",0.006
"(8, 31)",0.0059
"(9, 0)",0.0062
"(9, 1)",0.0062
"(9, 2)",0.0063
"(9, 3)",0.0064
"(9, 4)",0.0067
"(9, 5)",0.0069
"(9, 6)",0.007
"(9, 7)",0.0072
"(9, 8)",0.0076
"(9, 9)",0.0078
"(9, 10)",0.0081
"(9, 11)",0.0082
"(9, 12)",0.0082
"(9, 13)",0.0082
"(9, 14)",0.0083
"(9, 15)",0.0083
"(9, 16)",0.0083
"(9, 17)",0.0083
"(9, 18)",0.0082
"(9, 19)",0.0082
"(9, 20)",0.0082
"(9, 21)",0.0081
"(9, 22)",0.0078
"(9, 23)",0.0076
"(9, 24)",0.0072
"(9, 25)",0.007
"(9, 26)",0.0069
"(9, 27)",0.0067
"(9, 28)",0.0064
"(9, 29)",0.0063
"(9, 30)",0.0062
"(9, 31)",0.0062
"(10, 0)",0.0066
"(10, 1)",0.0066
"(10, 2)",0.0067
"(10, 3)",0.0068
"(10, 4)",0.007
"(10, 5)",0.0072
"(10, 6)",0.0075
"(10, 7)",0.0077
"(10, 8)",0.0079
"(10, 9)",0.0081
"(10, 10)",0.0083
"(10, 11)",0.0084
"(10, 12)",0.0085
"(10, 13)",0.0086
"(10, 14)",0.0085
"(10, 15)",0.0085
"(10, 16)",0.0085
"(10, 17)",0.0085
"(10, 18)",0.0086
"(10, 19)",0.0085
"(10, 20)",0.0084
"(10, 21)",0.0083
"(10, 22)",0.0081
"(10, 23)",0.0079
"(10, 24)",0.0077
"(10, 25)",0.0075
"(10, 26)",0.0072
"(10, 27)",0.007
"(10, 28)",0.0068
"(10, 29)",0.0067
"(10, 30)",0.0066
"(10, 31)",0.0066
"(11, 0)",0.0068
"(11, 1)",0.0069
"(11, 2)",0.007
"(11, 3)",0.0072
"(11, 4)",0.0073
"(11, 5)",0.0075
"(11, 6)",0.0078
"(11, 7)",0.008
"(11, 8)",0.0082
"(11, 9)",0.0084
"(11, 10)",0.0086
"(11, 11)",0.0087
"(11, 12)",0.0089
"(11, 13)",0.0089
"(11, 14)",0.0088
"(11, 15)",0.0088
"(11, 16)",0.0088
"(11, 17)",0.0088
"(11, 18)",0.0089
"(11, 19)",0.0089
"(11, 20)",0.0087
"(11, 21)",0.0086
"(11, 22)",0.0084
"(11, 23)",0.0082
"(11, 24)",0.008
"(11, 25)",0.0078
"(11, 26)",0.0075
"(11, 27)",0.0073
"(11, 28)",0.0072
"(11, 29)",0.007
"(11, 30)",0.0069
"(11, 31)",0.0068
"(12, 0)",0.0071
"(12, 1)",0.0072
"(12, 2)",0.0074
"(12, 3)",0.0075
"(12, 4)",0.0077
"(12, 5)",0.0079
"(12, 6)",0.008
"(12, 7)",0.0082
"(12, 8)",0.0085
"(12, 9)",0.0088
"(12, 10)",0.0089
"(12, 11)",0.0091
"(12, 12)",0.0093
"(12, 13)",0.0093
"(12, 14)",0.0092
"(12, 15)",0.0092
"(12, 16)",0.0092
"(12, 17)",0.0092
"(12, 18)",0.0093
"(12, 19)",0.0093
"(12, 20)",0.0091
"(12, 21)",0.0089
"(12, 22)",0.0088
"(12, 23)",0.0085
"(12, 24)",0.0082
"(12, 25)",0.008
"(12, 26)",0.0079
"(12, 27)",0.0077
"(12, 28)",0.0075
"(12, 29)",0.0074
"(12, 30)",0.0072
"(12, 31)",0.0071
"(13, 0)",0.0072
"(13, 1)",0.0074
"(13, 2)",0.0076
"(13, 3)",0.0079
"(13, 4)",0.008
"(13, 5)",0.0082
"(13, 6)",0.0083
"(13, 7)",0.0085
"(13, 8)",0.0088
"(13, 9)",0.0091
"(13, 10)",0.0093
"(13, 11)",0.0095
"(13, 12)",0.0096
"(13, 13)",0.0096
"(13, 14)",0.0096
"(13, 15)",0.0095
"(13, 16)",0.0095
"(13, 17)",0.0096
"(13, 18)",0.0096
"(13, 19)",0.0096
"(13, 20)",0.0095
"(13, 21)",0.0093
"(13, 22)",0.0091
"(13, 23)",0.0088
"(13, 24)",0.0085
"(13, 25)",0.0083
"(13, 26)",0.0082
"(13, 27)",0.008
"(13, 28)",0.0079
"(13, 29)",0.0076
"(13, 30)",0.0074
"(13, 31)",0.0072
"(14, 0)",0.0073
"(14, 1)",0.0075
"(14, 2)",0.0079
"(14, 3)",0.0082
"(14, 4)",0.0083
"(14, 5)",0.0085
"(14, 6)",0.0087
"(14, 7)",0.009
"(14, 8)",0.0092
"(14, 9)",0.0094
"(14, 10)",0.0096
"(14, 11)",0.0098
"(14, 12)",0.0099
"(14, 13)",0.0099
"(14, 14)",0.0099
"(14, 15)",0.0099
"(14, 16)",0.0099
"(14, 17)",0.0099
"(14, 18)",0.0099
"(14, 19)",0.0099
"(14, 20)",0.0098
"(14, 21)",0.0096
"(14, 22)",0.0094
"(14, 23)",0.0092
"(14, 24)",0.009
"(14, 25)",0.0087
"(14, 26)",0.0085
"(14, 27)",0.0083
"(14, 28)",0.0082
"(14, 29)",0.0079
"(14, 30)",0.0075
"(14, 31)",0.0073
"(15, 0)",0.0077
"(15, 1)",0.0079
"(15, 2)",0.0083
"(15, 3)",0.0085
"(15, 4)",0.0087
"(15, 5)",0.0089
"(15, 6)",0.0091
"(15, 7)",0.0094
"(15, 8)",0.0095
"(15, 9)",0.0097
"(15, 10)",0.01
"(15, 11)",0.0101
"(15, 12)",0.0102
"(15, 13)",0.0103
"(15, 14)",0.0103
"(15, 15)",0.0103
"(15, 16)",0.0103
"(15, 17)",0.0103
"(15, 18)",0.0103
"(15, 19)",0.0102
"(15, 20)",0.0101
"(15, 21)",0.01
"(15, 22)",0.0097
"(15, 23)",0.0095
"(15, 24)",0.0094
"(15, 25)",0.0091
"(15, 26)",0.0089
"(15, 27)",0.0087
"(15, 28)",0.0085
"(15, 29)",0.0083
"(15, 30)",0.0079
"(15, 31)",0.0077
"(16, 0)",0.0082
"(16, 1)",0.0084
"(16, 2)",0.0087
"(16, 3)",0.0089
"(16, 4)",0.0092
"(16, 5)",0.0094
"(16, 6)",0.0096
"(16, 7)",0.0098
"(16, 8)",0.01
"(16, 9)",0.0102
"(16, 10)",0.0103
"(16, 11)",0.0105
"(16, 12)",0.0106
"(16, 13)",0.0107
"(16, 14)",0.0108
"(16, 15)",0.0108
"(16, 16)",0.0108
"(16, 17)",0.0108
"(16, 18)",0.0107
"(16, 19)",0.0106
"(16, 20)",0.0105
"(16, 21)",0.0103
"(16, 22)",0.0102
"(16, 23)",0.01
"(16, 24)",0.0098
"(16, 25)",0.0096
"(16, 26)",0.0094
"(16, 27)",0.0092
"(16, 28)",0.0089
"(16, 29)",0.0087
"(16, 30)",0.0084
"(16, 31)",0.0082
"(17, 0)",0.0086
"(17, 1)",0.0087
"(17, 2)",0.009
"(17, 3)",0.0092
"(17, 4)",0.0095
"(17, 5)",0.0098
"(17, 6)",0.01
"(17, 7)",0.0102
"(17, 8)",0.0104
"(17, 9)",0.0106
"(17, 10)",0.0107
"(17, 11)",0.0109
"(17, 12)",0.0111
"(17, 13)",0.0112
"(17, 14)",0.0112
"(17, 15)",0.0112
"(17, 16)",0.0112
"(17, 17)",0.0112
"(17, 18)",0.0112
"(17, 19)",0.0111
"(17, 20)",0.0109
"(17, 21)",0.0107
"(17, 22)",0.0106
"(17, 23)",0.0104
"(17, 24)",0.0102
"(17, 25)",0.01
"(17, 26)",0.0098
"(17, 27)",0.0095
"(17, 28)",0.0092
"(17, 29)",0.009
"(17, 30)",0.0087
"(17, 31)",0.0086
"(18, 0)",0.0088
"(18, 1)",0.009
"(18, 2)",0.0092
"(18, 3)",0.0094
"(18, 4)",0.0097
"(18, 5)",0.01
"(18, 6)",0.0103
"(18, 7)",0.0106
"(18, 8)",0.0107
"(18, 9)",0.0109
"(18, 10)",0.0113
"(18, 11)",0.0115
"(18, 12)",0.0116
"(18, 13)",0.0116
"(18, 14)",0.0115
"(18, 15)",0.0114
"(18, 16)",0.0114
"(18, 17)",0.0115
"(18, 18)",0.0116
"(18, 19)",0.0116
"(18, 20)",0.0115
"(18, 21)",0.0113
"(18, 22)",0.0109
"(18, 23)",0.0107
"(18, 24)",0.0106
"(18, 25)",0.0103
"(18, 26)",0.01
"(18, 27)",0.0097
"(18, 28)",0.0094
"(18, 29)",0.0092
"(18, 30)",0.009
"(18, 31)",0.0088
"(19, 0)",0.0092
"(19, 1)",0.0093
"(19, 2)",0.0095
"(19, 3)",0.0098
"(19, 4)",0.0101
"(19, 5)",0.0104
"(19, 6)",0.0108
"(19, 7)",0.0111
"(19, 8)",0.0112
"(19, 9)",0.0114
"(19, 10)",0.0117
"(19, 11)",0.0119
"(19, 12)",0.0121
"(19, 13)",0.0121
"(19, 14)",0.0119
"(19, 15)",0.0118
"(19, 16)",0.0118
"(19, 17)",0.0119
"(19, 18)",0.0121
"(19, 19)",0.0121
"(19, 20)",0.0119
"(19, 21)",0.0117
"(19, 22)",0.0114
"(19, 23)",0.0112
"(19, 24)",0.0111
"(19, 25)",0.0108
"(19, 26)",0.0104
"(19, 27)",0.0101
"(19, 28)",0.0098
"(19, 29)",0.0095
"(19, 30)",0.0093
"(19, 31)",0.0092
"(20, 0)",0.0096
"(20, 1)",0.0097
"(20, 2)",0.0101
"(20, 3)",0.0104
"(20, 4)",0.0107
"(20, 5)",0.0111
"(20, 6)",0.0115
"(20, 7)",0.0117
"(20, 8)",0.0119
"(20, 9)",0.012
"(20, 10)",0.0121
"(20, 11)",0.0123
"(20, 12)",0.0125
"(20, 13)",0.0126
"(20, 14)",0.0125
"(20, 15)",0.0124
"(20, 16)",0.0124
"(20, 17)",0.0125
"(20, 18)",0.0126
"(20, 19)",0.0125
"(20, 20)",0.0123
"(20, 21)",0.0121
"(20, 22)",0.012
"(20, 23)",0.0119
"(20, 24)",0.0117
"(20, 25)",0.0115
"(20, 26)",0.0111
"(20, 27)",0.0107
"(20, 28)",0.0104
"(20, 29)",0.0101
"(20, 30)",0.0097
"(20, 31)",0.0096
"(21, 0)",0.01
"(21, 1)",0.0102
"(21, 2)",0.0106
"(21, 3)",0.0109
"(21, 4)",0.0113
"(21, 5)",0.0116
"(21, 6)",0.0119
"(21, 7)",0.0122
"(21, 8)",0.0124
"(21, 9)",0.0125
"(21, 10)",0.0126
"(21, 11)",0.0128
"(21, 12)",0.013
"(21, 13)",0.0131
"(21, 14)",0.013
"(21, 15)",0.013
"(21, 16)",0.013
"(21, 17)",0.013
"(21, 18)",0.0131
"(21, 19)",0.013
"(21, 20)",0.0128
"(21, 21)",0.0126
"(21, 22)",0.0125
"(21, 23)",0.0124
"(21, 24)",0.0122
"(21, 25)",0.0119
"(21, 26)",0.0116
"(21, 27)",0.0113
"(21, 28)",0.0109
"(21, 29)",0.0106
"(21, 30)",0.0102
"(21, 31)",0.01
"(22, 0)",0.0104
"(22, 1)",0.0106
"(22, 2)",0.0111
"(22, 3)",0.0114
"(22, 4)",0.0117
"(22, 5)",0.012
"(22, 6)",0.0123
"(22, 7)",0.0125
"(22, 8)",0.0128
"(22, 9)",0.0131
"(22, 10)",0.0132
"(22, 11)",0.0134
"(22, 12)",0.0136
"(22, 13)",0.0137
"(22, 14)",0.0136
"(22, 15)",0.0136
"(22, 16)",0.0136
"(22, 17)",0.0136
"(22, 18)",0.0137
"(22, 19)",0.0136
"(22, 20)",0.0134
"(22, 21)",0.0132
"(22, 22)",0.0131
"(22, 23)",0.0128
"(22, 24)",0.0125
"(22, 25)",0.0123
"(22, 26)",0.012
"(22, 27)",0.0117
"(22, 28)",0.0114
"(22, 29)",0.0111
"(22, 30)",0.0106
"(22, 31)",0.0104
"(23, 0)",0.011
"(23, 1)",0.0112
"(23, 2)",0.0115
"(23, 3)",0.0118
"(23, 4)",0.0121
"(23, 5)",0.0124
"(23, 6)",0.0125
"(23, 7)",0.0128
"(23, 8)",0.0132
"(23, 9)",0.0136
"(23, 10)",0.0138
"(23, 11)",0.014
"(23, 12)",0.0141
"(23, 13)",0.014
"(23, 14)",0.0138
"(23, 15)",0.0137
"(23, 16)",0.0137
"(23, 17)",0.0138
"(23, 18)",0.014
"(23, 19)",0.0141
"(23, 20)",0.014
"(23, 21)",0.0138
"(23, 22)",0.0136
"(23, 23)",0.0132
"(23, 24)",0.0128
"(23, 25)",0.0125
"(23, 26)",0.0124
"(23, 27)",0.0121
"(23, 28)",0.0118
"(23, 29)",0.0115
"(23, 30)",0.0112
"(23, 31)",0.011
"(24, 0)",0.0117
"(24, 1)",0.0118
"(24, 2)",0.0119
"(24, 3)",0.0122
"(24, 4)",0.0125
"(24, 5)",0.0127
"(24, 6)",0.0127
"(24, 7)",0.0131
"(24, 8)",0.0136
"(24, 9)",0.0141
"(24, 10)",0.0145
"(24, 11)",0.0146
"(24, 12)",0.0145
"(24, 13)",0.0142
"(24, 14)",0.0136
"(24, 15)",0.0133
"(24, 16)",0.0133
"(24, 17)",0.0136
"(24, 18)",0.0142
"(24, 19)",0.0145
"(24, 20)",0.0146
"(24, 21)",0.0145
"(24, 22)",0.0141
"(24, 23)",0.0136
"(24, 24)",0.0131
"(24, 25)",0.0127
"(24, 26)",0.0127
"(24, 27)",0.0125
"(24, 28)",0.0122
"(24, 29)",0.0119
"(24, 30)",0.0118
"(24, 31)",0.0117
"(25, 0)",0.0123
"(25, 1)",0.0123
"(25, 2)",0.0124
"(25, 3)",0.0126
"(25, 4)",0.0129
"(25, 5)",0.0131
"(25, 6)",0.0132
"(25, 7)",0.0136
"(25, 8)",0.0142
"(25, 9)",0.0146
"(25, 10)",0.015
"(25, 11)",0.0152
"(25, 12)",0.015
"(25, 13)",0.0147
"(25, 14)",0.0142
"(25, 15)",0.0139
"(25, 16)",0.0139
"(25, 17)",0.0142
"(25, 18)",0.0147
"(25, 19)",0.015
"(25, 20)",0.0152
"(25, 21)",0.015
"(25, 22)",0.0146
"(25, 23)",0.0142
"(25, 24)",0.0136
"(25, 25)",0.0132
"(25, 26)",0.0131
"(25, 27)",0.0129
"(25, 28)",0.0126
"(25, 29)",0.0124
"(25, 30)",0.0123
"(25, 31)",0.0123
"(26, 0)",0.0127
"(26, 1)",0.0128
"(26, 2)",0.013
"(26, 3)",0.0133
"(26, 4)",0.0136
"(26, 5)",0.0138
"(26, 6)",0.014
"(26, 7)",0.0143
"(26, 8)",0.0148
"(26, 9)",0.0152
"(26, 10)",0.0155
"(26, 11)",0.0156
"(26, 12)",0.0156
"(26, 13)",0.0156
"(26, 14)",0.0156
"(26, 15)",0.0156
"(26, 16)",0.0156
"(26, 17)",0.0156
"(26, 18)",0.0156
"(26, 19)",0.0156
"(26, 20)",0.0156
"(26, 21)",0.0155
"(26, 22)",0.0152
"(26, 23)",0.0148
"(26, 24)",0.0143
"(26, 25)",0.014
"(26, 26)",0.0138
"(26, 27)",0.0136
"(26, 28)",0.0133
"(26, 29)",0.013
"(26, 30)",0.0128
"(26, 31)",0.0127
"(27, 0)",0.0131
"(27, 1)",0.0132
"(27, 2)",0.0135
"(27, 3)",0.0138
"(27, 4)",0.0141
"(27, 5)",0.0144
"(27, 6)",0.0147
"(27, 7)",0.0151
"(27, 8)",0.0155
"(27, 9)",0.0158
"(27, 10)",0.0161
"(27, 11)",0.0163
"(27, 12)",0.0165
"(27, 13)",0.0165
"(27, 14)",0.0164
"(27, 15)",0.0164
"(27, 16)",0.0164
"(27, 17)",0.0164
"(27, 18)",0.0165
"(27, 19)",0.0165
"(27, 20)",0.0163
"(27, 21)",0.0161
"(27, 22)",0.0158
"(27, 23)",0.0155
"(27, 24)",0.0151
"(27, 25)",0.0147
"(27, 26)",0.0144
"(27, 27)",0.0141
"(27, 28)",0.0138
"(27, 29)",0.0135
"(27, 30)",0.0132
"(27, 31)",0.0131
"(28, 0)",0.0135
"(28, 1)",0.0136
"(28, 2)",0.0139
"(28, 3)",0.0142
"(28, 4)",0.0146
"(28, 5)",0.0149
"(28, 6)",0.0153
"(28, 7)",0.0157
"(28, 8)",0.0163
"(28, 9)",0.0166
"(28, 10)",0.0168
"(28, 11)",0.0171
"(28, 12)",0.0177
"(28, 13)",0.0175
"(28, 14)",0.0166
"(28, 15)",0.0162
"(28, 16)",0.0162
"(28, 17)",0.0166
"(28, 18)",0.0175
"(28, 19)",0.0177
"(28, 20)",0.0171
"(28, 21)",0.0168
"(28, 22)",0.0166
"(28, 23)",0.0163
"(28, 24)",0.0157
"(28, 25)",0.0153
"(28, 26)",0.0149
"(28, 27)",0.0146
"(28, 28)",0.0142
"(28, 29)",0.0139
"(28, 30)",0.0136
"(28, 31)",0.0135
"(29, 0)",0.0142
"(29, 1)",0.0143
"(29, 2)",0.0146
"(29, 3)",0.015
"(29, 4)",0.0153
"(29, 5)",0.0157
"(29, 6)",0.0162
"(29, 7)",0.0166
"(29, 8)",0.0171
"(29, 9)",0.0173
"(29, 10)",0.0174
"(29, 11)",0.0178
"(29, 12)",0.0185
"(29, 13)",0.0183
"(29, 14)",0.0173
"(29, 15)",0.0168
"(29, 16)",0.0168
"(29, 17)",0.0173
"(29, 18)",0.0183
"(29, 19)",0.0185
"(29, 20)",0.0178
"(29, 21)",0.0174
"(29, 22)",0.0173
"(29, 23)",0.0171
"(29, 24)",0.0166
"(29, 25)",0.0162
"(29, 26)",0.0157
"(29, 27)",0.0153
"(29, 28)",0.015
"(29, 29)",0.0146
"(29, 30)",0.0143
"(29, 31)",0.0142
"(30, 0)",0.015
"(30, 1)",0.0152
"(30, 2)",0.0156
"(30, 3)",0.016
"(30, 4)",0.0164
"(30, 5)",0.0169
"(30, 6)",0.0174
"(30, 7)",0.0177
"(30, 8)",0.0179
"(30, 9)",0.018
"(30, 10)",0.018
"(30, 11)",0.0183
"(30, 12)",0.0189
"(30, 13)",0.019
"(30, 14)",0.0184
"(30, 15)",0.0181
"(30, 16)",0.0181
"(30, 17)",0.0184
"(30, 18)",0.019
"(30, 19)",0.0189
"(30, 20)",0.0183
"(30, 21)",0.018
"(30, 22)",0.018
"(30, 23)",0.0179
"(30, 24)",0.0177
"(30, 25)",0.0174
"(30, 26)",0.0169
"(30, 27)",0.0164
"(30, 28)",0.016
"(30, 29)",0.0156
"(30, 30)",0.0152
"(30, 31)",0.015
"(31, 0)",0.016
"(31, 1)",0.0162
"(31, 2)",0.0165
"(31, 3)",0.017
"(31, 4)",0.0175
"(31, 5)",0.018
"(31, 6)",0.0184
"(31, 7)",0.0187
"(31, 8)",0.0188
"(31, 9)",0.0189
"(31, 10)",0.0188
"(31, 11)",0.0191
"(31, 12)",0.0196
"(31, 13)",0.0198
"(31, 14)",0.0196
"(31, 15)",0.0195
"(31, 16)",0.0195
"(31, 17)",0.0196
"(31, 18)",0.0198
"(31, 19)",0.0196
"(31, 20)",0.0191
"(31, 21)",0.0188
"(31, 22)",0.0189
"(31, 23)",0.0188
"(31, 24)",0.0187
"(31, 25)",0.0184
"(31, 26)",0.018
"(31, 27)",0.0175
"(31, 28)",0.017
"(31, 29)",0.0165
"(31, 30)",0.0162
"(31, 31)",0.016
"(32, 0)",0.017
"(32, 1)",0.0171
"(32, 2)",0.0174
"(32, 3)",0.0179
"(32, 4)",0.0186
"(32, 5)",0.0191
"(32, 6)",0.0192
"(32, 7)",0.0195
"(32, 8)",0.0199
"(32, 9)",0.0201
"(32, 10)",0.02
"(32, 11)",0.0201
"(32, 12)",0.0205
"(32, 13)",0.0208
"(32, 14)",0.021
"(32, 15)",0.0211
"(32, 16)",0.0211
"(32, 17)",0.021
"(32, 18)",0.0208
"(32, 19)",0.0205
"(32, 20)",0.0201
"(32, 21)",0.02
"(32, 22)",0.0201
"(32, 23)",0.0199
"(32, 24)",0.0195
"(32, 25)",0.0192
"(32, 26)",0.0191
"(32, 27)",0.0186
"(32, 28)",0.0179
"(32, 29)",0.0174
"(32, 30)",0.0171
"(32, 31)",0.017
"(33, 0)",0.0181
"(33, 1)",0.0183
"(33, 2)",0.0186
"(33, 3)",0.0192
"(33, 4)",0.02
"(33, 5)",0.0204
"(33, 6)",0.0204
"(33, 7)",0.0207
"(33, 8)",0.0211
"(33, 9)",0.0214
"(33, 10)",0.0213
"(33, 11)",0.0214
"(33, 12)",0.0216
"(33, 13)",0.0219
"(33, 14)",0.0223
"(33, 15)",0.0225
"(33, 16)",0.0225
"(33, 17)",0.0223
"(33, 18)",0.0219
"(33, 19)",0.0216
"(33, 20)",0.0214
"(33, 21)",0.0213
"(33, 22)",0.0214
"(33, 23)",0.0211
"(33, 24)",0.0207
"(33, 25)",0.0204
"(33, 26)",0.0204
"(33, 27)",0.02
"(33, 28)",0.0192
"(33, 29)",0.0186
"(33, 30)",0.0183
"(33, 31)",0.0181
"(34, 0)",0.0192
"(34, 1)",0.0196
"(34, 2)",0.0202
"(34, 3)",0.0209
"(34, 4)",0.0215
"(34, 5)",0.0219
"(34, 6)",0.0221
"(34, 7)",0.0223
"(34, 8)",0.0225
"(34, 9)",0.0227
"(34, 10)",0.0229
"(34, 11)",0.023
"(34, 12)",0.023
"(34, 13)",0.0232
"(34, 14)",0.0235
"(34, 15)",0.0237
"(34, 16)",0.0237
"(34, 17)",0.0235
"(34, 18)",0.0232
"(34, 19)",0.023
"(34, 20)",0.023
"(34, 21)",0.0229
"(34, 22)",0.0227
"(34, 23)",0.0225
"(34, 24)",0.0223
"(34, 25)",0.0221
"(34, 26)",0.0219
"(34, 27)",0.0215
"(34, 28)",0.0209
"(34, 29)",0.0202
"(34, 30)",0.0196
"(34, 31)",0.0192
"(35, 0)",0.0208
"(35, 1)",0.0211
"(35, 2)",0.0218
"(35, 3)",0.0224
"(35, 4)",0.023
"(35, 5)",0.0234
"(35, 6)",0.0237
"(35, 7)",0.0238
"(35, 8)",0.0238
"(35, 9)",0.0243
"(35, 10)",0.0253
"(35, 11)",0.0259
"(35, 12)",0.026
"(35, 13)",0.0262
"(35, 14)",0.0265
"(35, 15)",0.0267
"(35, 16)",0.0267
"(35, 17)",0.0265
"(35, 18)",0.0262
"(35, 19)",0.026
"(35, 20)",0.0259
"(35, 21)",0.0253
"(35, 22)",0.0243
"(35, 23)",0.0238
"(35, 24)",0.0238
"(35, 25)",0.0237
"(35, 26)",0.0234
"(35, 27)",0.023
"(35, 28)",0.0224
"(35, 29)",0.0218
"(35, 30)",0.0211
"(35, 31)",0.0208
"(36, 0)",0.0227
"(36, 1)",0.0229
"(36, 2)",0.0232
"(36, 3)",0.0237
"(36, 4)",0.0243
"(36, 5)",0.0248
"(36, 6)",0.0251
"(36, 7)",0.0253
"(36, 8)",0.0252
"(36, 9)",0.0263
"(36, 10)",0.0286
"(36, 11)",0.03
"(36, 12)",0.0306
"(36, 13)",0.031
"(36, 14)",0.0313
"(36, 15)",0.0315
"(36, 16)",0.0315
"(36, 17)",0.0313
"(36, 18)",0.031
"(36, 19)",0.0306
"(36, 20)",0.03
"(36, 21)",0.0286
"(36, 22)",0.0263
"(36, 23)",0.0252
"(36, 24)",0.0253
"(36, 25)",0.0251
"(36, 26)",0.0248
"(36, 27)",0.0243
"(36, 28)",0.0237
"(36, 29)",0.0232
"(36, 30)",0.0229
"(36, 31)",0.0227
"(37, 0)",0.0244
"(37, 1)",0.0246
"(37, 2)",0.0248
"(37, 3)",0.0252
"(37, 4)",0.0256
"(37, 5)",0.0261
"(37, 6)",0.0267
"(37, 7)",0.0273
"(37, 8)",0.0278
"(37, 9)",0.0293
"(37, 10)",0.0318
"(37, 11)",0.0335
"(37, 12)",0.0344
"(37, 13)",0.0352
"(37, 14)",0.0358
"(37, 15)",0.0362
"(37, 16)",0.0362
"(37, 17)",0.0358
"(37, 18)",0.0352
"(37, 19)",0.0344
"(37, 20)",0.0335
"(37, 21)",0.0318
"(37, 22)",0.0293
"(37, 23)",0.0278
"(37, 24)",0.0273
"(37, 25)",0.0267
"(37, 26)",0.0261
"(37, 27)",0.0256
"(37, 28)",0.0252
"(37, 29)",0.0248
"(37, 30)",0.0246
"(37, 31)",0.0244
"(38, 0)",0.0259
"(38, 1)",0.0261
"(38, 2)",0.0265
"(38, 3)",0.0268
"(38, 4)",0.0269
"(38, 5)",0.0274
"(38, 6)",0.0285
"(38, 7)",0.0299
"(38, 8)",0.0316
"(38, 9)",0.0333
"(38, 10)",0.0349
"(38, 11)",0.0362
"(38, 12)",0.0373
"(38, 13)",0.0386
"(38, 14)",0.04
"(38, 15)",0.0408
"(38, 16)",0.0408
"(38, 17)",0.04
"(38, 18)",0.0386
"(38, 19)",0.0373
"(38, 20)",0.0362
"(38, 21)",0.0349
"(38, 22)",0.0333
"(38, 23)",0.0316
"(38, 24)",0.0299
"(38, 25)",0.0285
"(38, 26)",0.0274
"(38, 27)",0.0269
"(38, 28)",0.0268
"(38, 29)",0.0265
"(38, 30)",0.0261
"(38, 31)",0.0259
"(39, 0)",0.0276
"(39, 1)",0.0278
"(39, 2)",0.0283
"(39, 3)",0.0284
"(39, 4)",0.0282
"(39, 5)",0.0287
"(39, 6)",0.0299
"(39, 7)",0.0321
"(39, 8)",0.0353
"(39, 9)",0.0373
"(39, 10)",0.038
"(39, 11)",0.0395
"(39, 12)",0.0419
"(39, 13)",0.0454
"(39, 14)",0.05
"(39, 15)",0.0523
"(39, 16)",0.0523
"(39, 17)",0.05
"(39, 18)",0.0454
"(39, 19)",0.0419
"(39, 20)",0.0395
"(39, 21)",0.038
"(39, 22)",0.0373
"(39, 23)",0.0353
"(39, 24)",0.0321
"(39, 25)",0.0299
"(39, 26)",0.0287
"(39, 27)",0.0282
"(39, 28)",0.0284
"(39, 29)",0.0283
"(39, 30)",0.0278
"(39, 31)",0.0276
"(40, 0)",0.0297
"(40, 1)",0.0298
"(40, 2)",0.03
"(40, 3)",0.03
"(40, 4)",0.0296
"(40, 5)",0.03
"(40, 6)",0.0311
"(40, 7)",0.0341
"(40, 8)",0.039
"(40, 9)",0.0413
"(40, 10)",0.041
"(40, 11)",0.0432
"(40, 12)",0.0481
"(40, 13)",0.0555
"(40, 14)",0.0656
"(40, 15)",0.0707
"(40, 16)",0.0707
"(40, 17)",0.0656
"(40, 18)",0.0555
"(40, 19)",0.0481
"(40, 20)",0.0432
"(40, 21)",0.041
"(40, 22)",0.0413
"(40, 23)",0.039
"(40, 24)",0.0341
"(40, 25)",0.0311
"(40, 26)",0.03
"(40, 27)",0.0296
"(40, 28)",0.03
"(40, 29)",0.03
"(40, 30)",0.0298
"(40, 31)",0.0297
"(41, 0)",0.0313
"(41, 1)",0.0314
"(41, 2)",0.0315
"(41, 3)",0.0316
"(41, 4)",0.0315
"(41, 5)",0.0323
"(41, 6)",0.034
"(41, 7)",0.0373
"(41, 8)",0.0421
"(41, 9)",0.0452
"(41, 10)",0.0465
"(41, 11)",0.0514
"(41, 12)",0.0597
"(41, 13)",0.0698
"(41, 14)",0.0816
"(41, 15)",0.0875
"(41, 16)",0.0875
"(41, 17)",0.0816
"(41, 18)",0.0698
"(41, 19)",0.0597
"(41, 20)",0.0514
"(41, 21)",0.0465
"(41, 22)",0.0452
"(41, 23)",0.0421
"(41, 24)",0.0373
"(41, 25)",0.034
"(41, 26)",0.0323
"(41, 27)",0.0315
"(41, 28)",0.0316
"(41, 29)",0.0315
"(41, 30)",0.0314
"(41, 31)",0.0313
"(42, 0)",0.0326
"(42, 1)",0.0327
"(42, 2)",0.0328
"(42, 3)",0.0332
"(42, 4)",0.0339
"(42, 5)",0.0357
"(42, 6)",0.0387
"(42, 7)",0.0417
"(42, 8)",0.0447
"(42, 9)",0.049
"(42, 10)",0.0546
"(42, 11)",0.0639
"(42, 12)",0.0769
"(42, 13)",0.0882
"(42, 14)",0.0979
"(42, 15)",0.1027
"(42, 16)",0.1027
"(42, 17)",0.0979
"(42, 18)",0.0882
"(42, 19)",0.0769
"(42, 20)",0.0639
"(42, 21)",0.0546
"(42, 22)",0.049
"(42, 23)",0.0447
"(42, 24)",0.0417
"(42, 25)",0.0387
"(42, 26)",0.0357
"(42, 27)",0.0339
"(42, 28)",0.0332
"(42, 29)",0.0328
"(42, 30)",0.0327
"(42, 31)",0.0326
"(43, 0)",0.0341
"(43, 1)",0.0342
"(43, 2)",0.0345
"(43, 3)",0.0351
"(43, 4)",0.0361
"(43, 5)",0.0382
"(43, 6)",0.0416
"(43, 7)",0.0446
"(43, 8)",0.0471
"(43, 9)",0.054
"(43, 10)",0.0653
"(43, 11)",0.0779
"(43, 12)",0.0918
"(43, 13)",0.1038
"(43, 14)",0.1139
"(43, 15)",0.119
"(43, 16)",0.119
"(43, 17)",0.1139
"(43, 18)",0.1038
"(43, 19)",0.0918
"(43, 20)",0.0779
"(43, 21)",0.0653
"(43, 22)",0.054
"(43, 23)",0.0471
"(43, 24)",0.0446
"(43, 25)",0.0416
"(43, 26)",0.0382
"(43, 27)",0.0361
"(43, 28)",0.0351
"(43, 29)",0.0345
"(43, 30)",0.0342
"(43, 31)",0.0341
"(44, 0)",0.0356
"(44, 1)",0.0359
"(44, 2)",0.0366
"(44, 3)",0.0373
"(44, 4)",0.038
"(44, 5)",0.0399
"(44, 6)",0.0429
"(44, 7)",0.046
"(44, 8)",0.0492
"(44, 9)",0.06
"(44, 10)",0.0786
"(44, 11)",0.0934
"(44, 12)",0.1045
"(44, 13)",0.1165
"(44, 14)",0.1296
"(44, 15)",0.1362
"(44, 16)",0.1362
"(44, 17)",0.1296
"(44, 18)",0.1165
"(44, 19)",0.1045
"(44, 20)",0.0934
"(44, 21)",0.0786
"(44, 22)",0.06
"(44, 23)",0.0492
"(44, 24)",0.046
"(44, 25)",0.0429
"(44, 26)",0.0399
"(44, 27)",0.038
"(44, 28)",0.0373
"(44, 29)",0.0366
"(44, 30)",0.0359
"(44, 31)",0.0356
"(45, 0)",0.0365
"(45, 1)",0.0368
"(45, 2)",0.0376
"(45, 3)",0.0386
"(45, 4)",0.04
"(45, 5)",0.0421
"(45, 6)",0.0449
"(45, 7)",0.0489
"(45, 8)",0.0541
"(45, 9)",0.0655
"(45, 10)",0.0829
"(45, 11)",0.0998
"(45, 12)",0.1162
"(45, 13)",0.1362
"(45, 14)",0.1598
"(45, 15)",0.1716
"(45, 16)",0.1716
"(45, 17)",0.1598
"(45, 18)",0.1362
"(45, 19)",0.1162
"(45, 20)",0.0998
"(45, 21)",0.0829
"(45, 22)",0.0655
"(45, 23)",0.0541
"(45, 24)",0.0489
"(45, 25)",0.0449
"(45, 26)",0.0421
"(45, 27)",0.04
"(45, 28)",0.0386
"(45, 29)",0.0376
"(45, 30)",0.0368
"(45, 31)",0.0365
"(46, 0)",0.0368
"(46, 1)",0.037
"(46, 2)",0.0376
"(46, 3)",0.0392
"(46, 4)",0.0418
"(46, 5)",0.0447
"(46, 6)",0.0476
"(46, 7)",0.0534
"(46, 8)",0.0619
"(46, 9)",0.0703
"(46, 10)",0.0784
"(46, 11)",0.0974
"(46, 12)",0.1271
"(46, 13)",0.1628
"(46, 14)",0.2044
"(46, 15)",0.2252
"(46, 16)",0.2252
"(46, 17)",0.2044
"(46, 18)",0.1628
"(46, 19)",0.1271
"(46, 20)",0.0974
"(46, 21)",0.0784
"(46, 22)",0.0703
"(46, 23)",0.0619
"(46, 24)",0.0534
"(46, 25)",0.0476
"(46, 26)",0.0447
"(46, 27)",0.0418
"(46, 28)",0.0392
"(46, 29)",0.0376
"(46, 30)",0.037
"(46, 31)",0.0368
"(47, 0)",0.0388
"(47, 1)",0.0388
"(47, 2)",0.0388
"(47, 3)",0.04
"(47, 4)",0.0424
"(47, 5)",0.0452
"(47, 6)",0.0486
"(47, 7)",0.0546
"(47, 8)",0.0633
"(47, 9)",0.0702
"(47, 10)",0.0752
"(47, 11)",0.0967
"(47, 12)",0.1347
"(47, 13)",0.1982
"(47, 14)",0.2873
"(47, 15)",0.3319
"(47, 16)",0.3319
"(47, 17)",0.2873
"(47, 18)",0.1982
"(47, 19)",0.1347
"(47, 20)",0.0967
"(47, 21)",0.0752
"(47, 22)",0.0702
"(47, 23)",0.0633
"(47, 24)",0.0546
"(47, 25)",0.0486
"(47, 26)",0.0452
"(47, 27)",0.0424
"(47, 28)",0.04
"(47, 29)",0.0388
"(47, 30)",0.0388
"(47, 31)",0.0388
"(48, 0)",0.0424
"(48, 1)",0.0421
"(48, 2)",0.0413
"(48, 3)",0.0411
"(48, 4)",0.0416
"(48, 5)",0.0438
"(48, 6)",0.0477
"(48, 7)",0.0525
"(48, 8)",0.0582
"(48, 9)",0.0651
"(48, 10)",0.0734
"(48, 11)",0.098
"(48, 12)",0.139
"(48, 13)",0.2425
"(48, 14)",0.4085
"(48, 15)",0.4915
"(48, 16)",0.4915
"(48, 17)",0.4085
"(48, 18)",0.2425
"(48, 19)",0.139
"(48, 20)",0.098
"(48, 21)",0.0734
"(48, 22)",0.0651
"(48, 23)",0.0582
"(48, 24)",0.0525
"(48, 25)",0.0477
"(48, 26)",0.0438
"(48, 27)",0.0416
"(48, 28)",0.0411
"(48, 29)",0.0413
"(48, 30)",0.0421
"(48, 31)",0.0424
"(49, 0)",0.0443
"(49, 1)",0.0437
"(49, 2)",0.0425
"(49, 3)",0.0417
"(49, 4)",0.0412
"(49, 5)",0.043
"(49, 6)",0.0473
"(49, 7)",0.0514
"(49, 8)",0.0556
"(49, 9)",0.0626
"(49, 10)",0.0725
"(49, 11)",0.0986
"(49, 12)",0.1412
"(49, 13)",0.2647
"(49, 14)",0.4691
"(49, 15)",0.5714
"(49, 16)",0.5714
"(49, 17)",0.4691
"(49, 18)",0.2647
"(49, 19)",0.1412
"(49, 20)",0.0986
"(49, 21)",0.0725
"(49, 22)",0.0626
"(49, 23)",0.0556
"(49, 24)",0.0514
"(49, 25)",0.0473
"(49, 26)",0.043
"(49, 27)",0.0412
"(49, 28)",0.0417
"(49, 29)",0.0425
"(49, 30)",0.0437
"(49, 31)",0.0443
